{
  "id": "benhamner/wordle-tweets",
  "id_no": 1883674,
  "datasetSlugNullable": "wordle-tweets",
  "ownerUserNullable": "benhamner",
  "usabilityRatingNullable": 0.6470588235294118,
  "titleNullable": "Wordle Tweets",
  "subtitleNullable": "A daily sample of Wordle results tweets",
  "descriptionNullable": "A daily sample of Wordle results tweets since Wordle 210. Pulled and updating using the notebook [benhamner/pull-wordle-tweets](https://www.kaggle.com/benhamner/pull-wordle-tweets)\n\nThis is used to guess each day's Wordle only using the distribution of results from these tweets in the notebook [Wordle 1/6 \ud83d\udfe9\ud83d\udfe9\ud83d\udfe9\ud83d\udfe9\ud83d\udfe9](https://www.kaggle.com/benhamner/wordle-1-6)",
  "datasetId": 1883674,
  "datasetSlug": "wordle-tweets",
  "hasDatasetSlug": true,
  "ownerUser": "benhamner",
  "hasOwnerUser": true,
  "usabilityRating": 0.6470588235294118,
  "hasUsabilityRating": true,
  "totalViews": 7408,
  "totalVotes": 26,
  "totalDownloads": 412,
  "title": "Wordle Tweets",
  "hasTitle": true,
  "subtitle": "A daily sample of Wordle results tweets",
  "hasSubtitle": true,
  "description": "A daily sample of Wordle results tweets since Wordle 210. Pulled and updating using the notebook [benhamner/pull-wordle-tweets](https://www.kaggle.com/benhamner/pull-wordle-tweets)\n\nThis is used to guess each day's Wordle only using the distribution of results from these tweets in the notebook [Wordle 1/6 \ud83d\udfe9\ud83d\udfe9\ud83d\udfe9\ud83d\udfe9\ud83d\udfe9](https://www.kaggle.com/benhamner/wordle-1-6)",
  "hasDescription": true,
  "isPrivate": false,
  "keywords": [
    "online communities"
  ],
  "licenses": [
    {
      "nameNullable": "unknown",
      "name": "unknown",
      "hasName": true
    }
  ],
  "collaborators": [],
  "data": []
}